-- phpMyAdmin SQL Dump
-- version 4.2.7.1
-- http://www.phpmyadmin.net
--
-- Хост: 127.0.0.1
-- Время создания: Ноя 25 2014 г., 22:09
-- Версия сервера: 5.6.20
-- Версия PHP: 5.5.15

SET SQL_MODE = "NO_AUTO_VALUE_ON_ZERO";
SET time_zone = "+00:00";


/*!40101 SET @OLD_CHARACTER_SET_CLIENT=@@CHARACTER_SET_CLIENT */;
/*!40101 SET @OLD_CHARACTER_SET_RESULTS=@@CHARACTER_SET_RESULTS */;
/*!40101 SET @OLD_COLLATION_CONNECTION=@@COLLATION_CONNECTION */;
/*!40101 SET NAMES utf8 */;

--
-- База данных: `cvsystem`
--

--
-- Дамп данных таблицы `companies`
--

INSERT INTO `companies` (`CompaniesId`, `Title`, `Phone`, `PhoneRespPerson`, `Email`, `FIORespPerson`, `Skype`, `Active`) VALUES
(3, 'OOO "Apple"', '1111111111', '3333333333', 'example@gmail.com', 'Стив', 'skypelogin', 1);

--
-- Дамп данных таблицы `cvs`
--

INSERT INTO `cvs` (`CVsId`, `PurposesId`, `Qualities`, `Others`, `DateStamp`) VALUES
(4, 10, 'Аналитический, творческий склад ума, организаторские способности, способности к быстрому обучению, пунктуальность, отвественность ', 'не курю, не женат,\r\nхобби - активный отдых, пеший туризм', '2014-10-27 17:30:40.320000'),
(6, 12, 'Внимательность, усидчивость, трудолюбие.', 'Примеры работ: youtube.com/watch?v=4xFwOh0_0-c', '2014-10-27 17:30:40.320000'),
(7, 13, 'Стрессоустойчивость, упорство, пунктуальность, творческий склад ума', 'год рождения - 1994\r\nне курю, не женат', '2014-10-27 17:30:40.320000'),
(8, 2, 'Коммуникабельность, стрессоустойчивыость, целеустремленность.', 'Не курю, не женат.', '2014-10-27 17:30:40.320000'),
(9, 13, 'Стрессоустойчивость, комуникабельность', 'не женат, не курю', '2014-10-27 17:30:40.320000'),
(10, 15, 'трудолюбие,усидчивость,творческий склад ума,коммуникабельность,ответственность,обучаемость', '\r\nне замужем,\r\nне курю,\r\nхобби-спорт,\r\nпереводы,\r\nчтение', '2014-10-27 17:30:40.320000'),
(11, 16, 'Аналитический,творческий склад ума,высокие лидерские качества,нацеленность на результат,нестандартное мышление,организаторские способности,способность к быстрому обучению ,пунктуальность', 'Не курю, не женат\r\nхобби - чтение, музыка, футбол', '2014-10-27 17:30:40.320000'),
(12, 17, 'Математический склад ума, усердность, способность к быстрому обучению, пунктуальность.', 'не женат;\r\nхобби - чтение.', '2014-10-27 17:30:40.320000'),
(13, 2, 'стремлюсь к развитию и профессиональному росту, стараюсь выполнять задачи во время и максимально качественно', 'не замужем, не курю;\r\nхобби - кулинария, чтение, путешествия', '2014-10-27 17:30:40.320000'),
(14, 13, 'Аналитический, творческий склад ума, способность к быстрому обучению, пунктуальность', 'Вредных привычек не имею, \r\nне замужем, \r\nхобби - вязание крючком', '2014-10-27 17:30:40.320000'),
(15, 16, 'Пунктуальность ,обязательность. Готовность учиться и не отступать от трудностей.', 'Не замужем', '2014-10-27 17:30:40.320000'),
(16, 13, 'Стрессоустойчивость, целеустремленность, коммуникабельность', 'Не курю, не женат.\r\nХобби - боулинг, усовершенствование английского языка', '2014-10-27 17:30:40.320000'),
(17, 17, 'Математический склад ума, усердность, ответственность, способность  к быстрому обучению, пунктуальность.', 'не женат\r\nхобби – спорт, музыка\r\n', '2014-10-27 17:30:40.320000'),
(18, 3, '', '', '2014-11-24 01:20:15.990000'),
(19, 18, 'екыр', 'ыапы', '2014-11-25 23:02:02.220000');

--
-- Дамп данных таблицы `educations`
--

INSERT INTO `educations` (`EducationsId`, `StartYear`, `EndYear`, `NameOfInstitution`, `Specialty`, `Faculty`, `CVsId`) VALUES
(2, 2008, 2012, 'Харьковский патентно-компьютерный колледж', 'Обслуживание компьютерных систем и сетей', NULL, 4),
(3, 2012, 2016, 'Харьковский Национальный Университет Радиоэлектроники', 'Информатика', NULL, 4),
(6, 2008, 2012, 'Харьковский патентно-компьютерный колледж', 'Разработка программного обеспечения', NULL, 6),
(7, 2012, 2016, 'Харьковский национальный университет радиоэлектроники', 'Информатика', NULL, 6),
(8, 2011, 2015, 'Харьковский Национальный Университет Радиоэлектроники, факультет - Прикладной Математики и Менеджмента', 'Информатика', NULL, 7),
(9, 2012, 2015, 'Харьковский Национальный Университет Радиоэлектроники, факультет - прикладная математика и менеджмент', 'Информатика', NULL, 8),
(10, 2011, 2015, 'Харьковский Национальный Университет Радиоэлектроники, факультет "Прикладная Математика и Менеджмент"', 'Информатика', NULL, 9),
(11, 2011, 2015, 'Харьковский национальный университет радиоэлектроники', 'Информатика', NULL, 10),
(12, 2010, 2015, 'Харьковский Национальный Университет Радиоэлектроники', 'Информатика', NULL, 11),
(13, 2011, 2015, 'Харьковский Национальный Университет Радиоэлектроники', 'Информатика', NULL, 12),
(14, 2011, 2015, 'Харьковский национальный университет радиоэлектроники, факультет ПММ', 'Информатика', NULL, 13),
(15, 2011, 2015, 'Восточноукраинский национальный университет имени Владимира Даля', 'Информатика', NULL, 14),
(16, 2014, 2015, 'Харьковский Национальный Университет Радиоэлектроники', 'Информатика', NULL, 14),
(17, 2012, 2015, 'Харьковский Национальный Университет Радиоэлектроники', 'Информатика', NULL, 15),
(18, 2011, 2015, 'Харьковский Национальный Университет Радиоэлектроники', 'Информатика', NULL, 16),
(19, 2011, 2015, 'Харьковский национальный университет радио-электроники', 'Информатика', NULL, 17),
(20, 2013, 2017, 'хнурэ', 'пи', 'кн', 19);

--
-- Дамп данных таблицы `faculties`
--

INSERT INTO `faculties` (`FacultiesId`, `Title`) VALUES
(4, 'ПММ'),
(5, 'ФНІГ');

--
-- Дамп данных таблицы `groups`
--

INSERT INTO `groups` (`GroupsId`, `FacultiesId`, `Title`) VALUES
(1, 4, 'ЕК-11-1'),
(2, 4, 'ІНФу-12-1'),
(3, 4, 'ІНФ-11-1'),
(4, 4, 'ІНФ-11-2'),
(5, 4, 'ПМу-12-1'),
(6, 4, 'ПМ-11-1'),
(7, 4, 'САу-12-1'),
(8, 4, 'СА-11-1'),
(9, 5, 'ЕКи-11-2'),
(10, 5, 'ЕКи-11-3');

--
-- Дамп данных таблицы `languages`
--

INSERT INTO `languages` (`LanguagesId`, `Title`, `TitleEN`, `TitleUA`) VALUES
(1, 'Русский', NULL, NULL),
(2, 'Украинский', NULL, NULL),
(3, 'Английский', NULL, NULL),
(4, 'Французский', NULL, NULL),
(5, 'Немецкий', NULL, NULL),
(6, 'Китайский', NULL, NULL);

--
-- Дамп данных таблицы `languagescvs`
--

INSERT INTO `languagescvs` (`LanguagesCVsId`, `LanguagesId`, `CVsId`, `Level`) VALUES
(7, 1, 4, 2),
(8, 2, 4, 2),
(9, 3, 4, 1),
(13, 1, 6, 2),
(14, 2, 6, 2),
(15, 3, 6, 0),
(16, 1, 7, 2),
(17, 2, 7, 2),
(18, 3, 7, 1),
(19, 1, 8, 2),
(20, 2, 8, 2),
(21, 3, 8, 0),
(22, 1, 9, 2),
(23, 2, 9, 1),
(24, 5, 9, 0),
(25, 1, 10, 2),
(26, 2, 10, 2),
(27, 3, 10, 1),
(28, 1, 11, 2),
(29, 3, 11, 1),
(30, 2, 11, 0),
(31, 1, 12, 1),
(32, 2, 12, 1),
(33, 3, 12, 1),
(34, 3, 13, 0),
(35, 1, 13, 2),
(36, 2, 13, 2),
(37, 1, 14, 2),
(38, 2, 14, 2),
(39, 3, 14, 0),
(40, 1, 15, 2),
(41, 2, 15, 1),
(42, 3, 15, 0),
(43, 1, 16, 1),
(44, 2, 16, 2),
(45, 3, 16, 1),
(46, 1, 17, 2),
(47, 2, 17, 2),
(48, 3, 17, 2),
(49, 1, 19, 2),
(50, 2, 19, 2);

--
-- Дамп данных таблицы `pass`
--

INSERT INTO `pass` (`AccessPass`) VALUES
('rfhmthf');

--
-- Дамп данных таблицы `programlanguages`
--

INSERT INTO `programlanguages` (`ProgramLanguagesId`, `Title`) VALUES
(1, 'Haskell'),
(2, 'Java'),
(3, 'C#'),
(4, 'Paskal'),
(5, 'Visual C++'),
(6, 'Visual Basic'),
(7, 'Assembler'),
(8, 'C'),
(9, 'Turbo Paskal'),
(10, 'HTML'),
(11, 'CSS'),
(12, 'PHP'),
(13, 'JavaScript'),
(14, 'GWT'),
(15, 'Drupal'),
(16, 'JQuery'),
(17, 'WordPress'),
(18, 'Opencart'),
(19, 'Flash'),
(22, 'mongoDB'),
(23, 'Oracle'),
(24, 'MySQL'),
(25, 'SQL'),
(26, 'PrimePush'),
(27, 'Primefaces'),
(28, 'HTTP'),
(29, 'AngularJS'),
(30, 'JSF'),
(31, 'NHibernate'),
(32, 'Hibernate'),
(33, 'Spring Security'),
(34, 'ASP NET'),
(35, 'win32'),
(50, 'Photoshop'),
(51, 'After Effect'),
(52, 'Zbrush'),
(53, 'Maya'),
(54, 'Android'),
(56, 'SQLite'),
(57, 'QT'),
(58, 'выфв'),
(59, 'смисми'),
(60, '5456');

--
-- Дамп данных таблицы `programlanguagescvs`
--

INSERT INTO `programlanguagescvs` (`ProgramLanguagesCVsId`, `ProgramLanguagesId`, `CVsId`, `Level`) VALUES
(15, 10, 4, 1),
(16, 16, 4, 1),
(17, 13, 4, 1),
(18, 11, 4, 1),
(19, 3, 4, 1),
(20, 2, 4, 1),
(21, 22, 4, 1),
(22, 23, 4, 1),
(23, 24, 4, 1),
(24, 25, 4, 1),
(25, 26, 4, 1),
(26, 27, 4, 1),
(27, 28, 4, 1),
(28, 29, 4, 1),
(29, 30, 4, 1),
(30, 31, 4, 1),
(31, 32, 4, 1),
(32, 33, 4, 1),
(33, 34, 4, 1),
(34, 35, 4, 1),
(55, 12, 6, 1),
(56, 11, 6, 1),
(57, 50, 6, 1),
(58, 51, 6, 1),
(59, 52, 6, 1),
(60, 53, 6, 1),
(61, 11, 7, 1),
(62, 10, 7, 1),
(63, 2, 7, 1),
(64, 54, 7, 1),
(65, 23, 7, 1),
(66, 56, 7, 1),
(67, 12, 8, 1),
(68, 10, 8, 1),
(69, 5, 8, 1),
(70, 3, 8, 1),
(71, 10, 9, 1),
(72, 5, 9, 1),
(73, 35, 10, 1),
(74, 53, 10, 1),
(75, 25, 10, 1),
(76, 23, 10, 1),
(77, 5, 10, 1),
(78, 3, 10, 1),
(79, 2, 10, 1),
(80, 10, 10, 1),
(81, 11, 10, 1),
(82, 11, 11, 1),
(83, 10, 11, 1),
(84, 2, 11, 1),
(85, 30, 11, 1),
(86, 23, 11, 1),
(87, 32, 11, 1),
(88, 24, 11, 1),
(89, 35, 11, 1),
(90, 8, 11, 1),
(91, 3, 11, 1),
(92, 5, 11, 1),
(93, 50, 12, 1),
(94, 25, 12, 1),
(95, 24, 12, 1),
(96, 23, 12, 1),
(97, 13, 12, 1),
(98, 12, 12, 1),
(99, 11, 12, 1),
(100, 10, 12, 1),
(101, 5, 12, 1),
(102, 3, 12, 1),
(103, 34, 13, 1),
(104, 11, 13, 1),
(105, 10, 13, 1),
(106, 24, 13, 1),
(107, 29, 13, 1),
(108, 3, 13, 1),
(109, 2, 14, 1),
(110, 5, 14, 1),
(111, 25, 14, 1),
(112, 10, 14, 1),
(113, 11, 14, 1),
(114, 13, 14, 1),
(115, 12, 15, 1),
(116, 2, 15, 1),
(117, 34, 15, 1),
(118, 3, 15, 1),
(119, 23, 15, 1),
(120, 25, 15, 1),
(121, 5, 15, 1),
(122, 8, 15, 1),
(123, 57, 15, 1),
(124, 2, 16, 1),
(125, 2, 17, 1),
(126, 5, 17, 1),
(127, 3, 17, 1),
(128, 12, 17, 1),
(129, 11, 18, 2),
(130, 34, 18, 1),
(131, 54, 18, 0),
(132, 34, 19, 1),
(133, 29, 19, 0),
(134, 58, 19, 0),
(135, 59, 19, 1),
(136, 60, 19, 2);

--
-- Дамп данных таблицы `purposes`
--

INSERT INTO `purposes` (`PurposesId`, `Title`, `TitleEN`, `TitleUA`) VALUES
(1, 'Java Junior', NULL, NULL),
(2, 'C# Junior', NULL, NULL),
(3, 'C# Middle', NULL, NULL),
(4, 'C# Senior', NULL, NULL),
(5, 'Senior Java developer', NULL, NULL),
(6, 'Senior .Net developer co знанием frontend-технологий', NULL, NULL),
(7, 'Middle .Net / SharePoint developer', NULL, NULL),
(8, 'PHP/CMS developer', NULL, NULL),
(9, 'Requirements Analyst/Sales', NULL, NULL),
(10, 'Project Manager', NULL, NULL),
(12, '3d дизайнер', NULL, NULL),
(13, 'Junior Java developer', NULL, NULL),
(15, 'QA Engineer', NULL, NULL),
(16, 'Junior C++ developer', NULL, NULL),
(17, 'Junior front-end developer', NULL, NULL),
(18, 'ыфвфыв', NULL, NULL);

--
-- Дамп данных таблицы `sertificats`
--

INSERT INTO `sertificats` (`SertificatsId`, `Name`, `Year`, `CVsId`) VALUES
(1, 'Сертификат об окончании курса 3D графики Autodesk Maya', 2013, 10),
(2, 'ждолждо', 2014, 19);

--
-- Дамп данных таблицы `students`
--

INSERT INTO `students` (`StudentsId`, `Surname`, `Firstname`, `Patronymic`, `Email`, `Phone`, `Birthday`, `GroupsId`, `Address`, `Skype`) VALUES
(4, 'Решетняк', 'Евгений', 'Андреевич', 'ugene.reshetnyak@gmail.com', '0677373134', '1993-11-05', 2, 'смт. Солоницевка, Ленина, 11, кв.39', 'ugene.reshenyak'),
(6, 'Березина', 'Татьяна', 'Игоревна', 'berezina_tanya@gmail.com', '0931822605', '1993-11-30', 2, 'г. Харьков, пр. Славы 7, кв.60 ', NULL),
(7, 'Бабич', 'Владимир', 'Иванович', 'vladimirbabich18@gmail.com', '0501071467', '1994-05-14', 4, 'г. Харьков, ул. Целиноградская, 58, к.315', 'vladimirbabich100'),
(8, 'Циркуленко', 'Владислав', 'Олегович', 'murmundir@gmail.ru', '0957894974', '1993-02-17', 2, 'г. Харьков, ул. Целеноградьська 58', 'umbra__dei'),
(9, 'Данильченко', 'Дмитрий', 'Сергеевич', 'vspervyj@gmail.com', '0668372715', '1994-11-06', 4, 'г. Харьков, Целиноградская, 58, комн. 315', 'vspervyj'),
(10, 'Винокурова', 'Юлия', 'Валерьевна', 'vinokurova.juli@gmail.com', '0982809325', '1994-08-10', 4, 'г.Харьков, ул.Клочковская, 101 В, кв.55', 'vinokurova335'),
(11, 'Корженко', 'Виталий', 'Влодимирович', 'university.korzenko.vitaliy@gmail.com', '0505997257', '1993-12-16', 4, 'г. Харьков, ул. Дмитриевская 22 кв.18', 'cessathion13'),
(12, 'Третьяк', 'Антон', 'Олегович', 'tretjak.anton@gmail.com', '0639694209', '1994-07-24', 4, 'Харьковская область, г. Дергачи, пер.Комунальный д.1', 'tretjak.anton'),
(13, 'Рогулина', 'Анна', 'Александровна', 'arogulina@gmail.com', '0979309538', '1993-04-19', 4, 'г.Харьков, пр.Победы, 56, кв.283', 'ane4ka.rogulina'),
(14, 'Семёнова', 'Елизвета', 'Юрьевна', 'VincentSlimer@yandex.ru', '0991622212', '1994-01-29', 4, 'Харьков, ул. Чугуевская д. 27А кв. 84', 'certain_slimer'),
(15, 'Кучеренко', 'Наталья', 'Петровна', 'natalya-ok@yandex.ru', '0958205171', '1993-04-27', 2, 'г. Харьков, Целиноградская, 58', 'formulaw'),
(16, 'Косяк', 'Александр', 'Александрович', 'blace90@mail.ru', '0982345665', '1994-09-22', 4, 'г.Харьков, ул.Целиноградская, 58', 'nightshade66'),
(17, 'Филимонов', 'Юрий', 'Геннадьевич', 'filimonovyurii1@gmail.com', '0969049050', '1992-09-28', 2, 'пр. 50 -летия ВЛКСМ д.32 кв.66', 'filimoonovyurii1'),
(18, 'Иванов', 'Иван', NULL, 'example@gmail.com', '0501458872', '2014-11-24', 9, 'г. Харьков, пр.Ленина, 9, кв.3', 'skypelogin'),
(19, 'ываыва', 'ываыва', NULL, 'xample@gmail.com', '3443333333', '2014-11-25', 4, 'ывыва', NULL);

--
-- Дамп данных таблицы `sysdiagrams`
--

INSERT INTO `sysdiagrams` (`name`, `principal_id`, `diagram_id`, `version`, `definition`) VALUES
('Diagram_0', 1, 1, 1, 0xd0cf11e0a1b11ae1000000000000000000000000000000003e000300feff0900060000000000000000000000010000000100000000000000001000000200000001000000feffffff0000000000000000fffffffffffffffffffffffffffffffffffffffffffffffffffffffffffffffffffffffffffffffffffffffffffffffffffffffffffffffffffffffffffffffffffffffffffffffffffffffffffffffffffffffffffffffffffffffffffffffffffffffffffffffffffffffffffffffffffffffffffffffffffffffffffffffffffffffffffffffffffffffffffffffffffffffffffffffffffffffffffffffffffffffffffffffffffffffffffffffffffffffffffffffffffffffffffffffffffffffffffffffffffffffffffffffffffffffffffffffffffffffffffffffffffffffffffffffffffffffffffffffffffffffffffffffffffffffffffffffffffffffffffffffffffffffffffffffffffffffffffffffffffffffffffffffffffffffffffffffffffffffffffffffffffffffffffffffffffffffffffffffffffffffffffffffffffffffffffffffffffffffffffffffffffffffffffffffffffffffffffffffffffffffffffffffffffffffffffffffffffffffffffffffffffffffffffffffffffffffffffffffffffffffffffffffffffffffffffffffffffffffffffffffffffffffffffffffffdffffff25000000feffffff040000000500000006000000070000000800000009000000240000000b0000000c0000000d0000000e0000000f000000100000001100000012000000130000001400000015000000160000001700000018000000190000001a0000001b0000001c0000001d0000001e0000001f00000020000000210000002200000023000000feffffff3b000000feffffff2700000028000000290000002a0000002b0000002c0000002d0000002e0000002f000000300000003100000032000000330000003400000035000000360000003700000038000000390000003a000000feffffff3c000000feffffffffffffffffffffffffffffffffffffffffffffffffffffffffffffffffffffffffffffffffffffffffffffffffffffffffffffffffffffffffffffffffffffffffffffffffffffffffffffffffffffffffffffffffffffffffffffffffffffffffffffffffffffffffffffffffffffffffffffffffffffffffffffffffffffffffffffffffffffffffffffffffffffffffffffffffffffffffffffffffffffffffffffffffffffffffffffffffffffffffffffffffffffffffffffffffffffffffffffffffffffffffffffffffffffffffffffffffffffffffffffffffffffffffffffffffffffffffffffffffffffffffffffffffffffffffffffffffffffffffffffffffffffffffffffff52006f006f007400200045006e00740072007900000000000000000000000000000000000000000000000000000000000000000000000000000000000000000016000500ffffffffffffffff0200000000000000000000000000000000000000000000000000000000000000d0fbbcbd4a06d00103000000c0130000000000006600000000000000000000000000000000000000000000000000000000000000000000000000000000000000000000000000000000000000000000000000000004000201ffffffffffffffffffffffff00000000000000000000000000000000000000000000000000000000000000000000000000000000fa0d0000000000006f000000000000000000000000000000000000000000000000000000000000000000000000000000000000000000000000000000000000000000000000000000040002010100000004000000ffffffff0000000000000000000000000000000000000000000000000000000000000000000000000a000000c032000000000000010043006f006d0070004f0062006a0000000000000000000000000000000000000000000000000000000000000000000000000000000000000000000000000012000201ffffffffffffffffffffffff000000000000000000000000000000000000000000000000000000000000000000000000380000005f000000000000000100000002000000030000000400000005000000060000000700000008000000090000000a0000000b0000000c0000000d0000000e0000000f000000100000001100000012000000130000001400000015000000160000001700000018000000190000001a0000001b0000001c0000001d0000001e0000001f000000200000002100000022000000230000002400000025000000260000002700000028000000290000002a0000002b0000002c0000002d0000002e0000002f0000003000000031000000320000003300000034000000350000003600000037000000feffffff39000000fefffffffeffffff3c0000003d0000003e0000003f000000400000004100000042000000430000004400000045000000460000004700000048000000490000004a0000004b0000004c0000004d000000fefffffffeffffffffffffffffffffffffffffffffffffffffffffffffffffffffffffffffffffffffffffffffffffffffffffffffffffffffffffffffffffffffffffffffffffffffffffffffffffffffffffffffffffffffffffffffffffffffffffffffffffffffffffffffffffffffffffffffffffffffffffffffffffffffffffffffffffffffffffffffffffffffffffffffffffffffffffffffffffffffffffffffffffffffffffffffffffffffffffffffffffffffffffffffffffffffffffffffffffffffffffff000430000a1e100c05000080280000000f00ffff28000000007d0000d34d000079550000e9b4000005c600007528000000000000de805b10f195d011b0a000aa00bdcb5c000008003000000000020000030000003c006b0000000900000000000000d9e6b0e91c81d011ad5100a0c90f5739f43b7f847f61c74385352986e1d552f8a0327db2d86295428d98273c25a2da2d00002800430000000000000053444dd2011fd1118e63006097d2df4834c9d2777977d811907000065b840d9c00002800430000000000000051444dd2011fd1118e63006097d2df4834c9d2777977d811907000065b840d9c28000000080d000000a8010000003400a50900000700008001000000a40200000080000009000080536368477269640032640000a2300000436f6d70616e69657300000000002c00a509000007000080020000009802000000800000030000805363684772696400d0200000825f00004356734700003400a50900000700008003000000a6020000008000000a0000805363684772696400000000002a5d0000456475636174696f6e73000000009000a50900000700008004000000520000000180000068000000436f6e74726f6c0015160000b5660000210432044f0437044c042000220046004b005f0045006400750063006100740069006f006e0073005f00430056007300220020003c043504360434044304200022004300560073002200200038042000220045006400750063006100740069006f006e007300220000002800b50100000700008005000000310000005500000002800000436f6e74726f6c00c71600004566000000003400a50900000700008006000000a402000000800000090000805363684772696400000000007e360000466163756c7469657373000000003000a509000007000080070000009e02000000800000060000805363684772696400000000003a20000047726f757073640000009800a50900000700008008000000520000000180000070000000436f6e74726f6c00210a00006b2a0000210432044f0437044c042000220046004b005f00470072006f007500700073005f0046006100630075006c007400690065007300220020003c0435043604340443042000220046006100630075006c00740069006500730022002000380420002200470072006f00750070007300220000002800b50100000700008009000000310000005900000002800000436f6e74726f6c00670c00002631000000003400a5090000070000800a000000a402000000800000090000805363684772696400000000008e8f00004c616e67756167657373000000003400a5090000070000800b000000aa020000008000000c0000805363684772696400d02000008e8f00004c616e67756167657343567300009800a5090000070000800c000000620000000180000070000000436f6e74726f6c00c5290000ad6e0000210432044f0437044c042000220046004b005f004c0061006e006700750061006700650073004300560073005f00430056007300220020003c04350436043404430420002200430056007300220020003804200022004c0061006e00670075006100670065007300430056007300220000002800b5010000070000800d000000310000005900000002800000436f6e74726f6c00101e00002c8400000000b000a5090000070000800e000000520000000180000088000000436f6e74726f6c001516000095950000210432044f0437044c042000220046004b005f004c0061006e006700750061006700650073004300560073005f004c0061006e00670075006100670065007300220020003c043504360434044304200022004c0061006e00670075006100670065007300220020003804200022004c0061006e00670075006100670065007300430056007300220000002800b5010000070000800f000000310000006500000002800000436f6e74726f6c0062130000db97000000002c00a509000007000080100000009a0200000080000004000080536368477269640066210000000000005061737300003800a50900000700008011000000b2020000008000001000008053636847726964000a4100000663000050726f6772616d4c616e67756167657300003c00a50900000700008012000000b8020000008000001300008053636847726964000a4100006a4a000050726f6772616d4c616e677561676573435673000000b400a5090000070000801300000062000000018000008c000000436f6e74726f6c00e53600008d500000210432044f0437044c042000220046004b005f00500072006f006700720061006d004c0061006e006700750061006700650073004300560073005f00430056007300220020003c0435043604340443042000220043005600730022002000380420002200500072006f006700720061006d004c0061006e00670075006100670065007300430056007300220000002800b50100000700008014000000310000006700000002800000436f6e74726f6c00dc3f0000f25d00000000e800a509000007000080150000005200000001800000c0000000436f6e74726f6c002b4b000016570000210432044f0437044c042000220046004b005f00500072006f006700720061006d004c0061006e006700750061006700650073004300560073005f00500072006f006700720061006d004c0061006e00670075006100670065007300220020003c04350436043404430420002200500072006f006700720061006d004c0061006e0067007500610067006500730022002000380420002200500072006f006700720061006d004c0061006e00670075006100670065007300430056007300220000002800b50100000700008016000000310000008100000002800000436f6e74726f6c00714d0000c05d000000003000a50900000700008017000000a2020000008000000800008053636847726964000a410000f2760000507572706f73657300008800a50900000700008018000000620000000180000060000000436f6e74726f6c73e536000067670000210432044f0437044c042000220046004b005f004300560073005f0050007500720070006f00730065007300220020003c0435043604340443042000220050007500720070006f0073006500730022002000380420002200430056007300220000002800b50100000700008019000000310000005100000002800000436f6e74726f6c73dc3f0000856e000000003000a5090000070000801a0000009c020000008000000500008053636847726964730000000000000000526f6c657369647300003400a5090000070000801b000000a8020000008000000b00008053636847726964730a4100008e8f000053657274696669636174737500009400a5090000070000801c00000062000000018000006c000000436f6e74726f6c73872b0000ad6e0000210432044f0437044c042000220046004b005f00530065007200740069006600690063006100740073005f00430056007300220020003c043504360434044304200022004300560073002200200038042000220053006500720074006900660069006300610074007300220000002800b5010000070000801d000000310000005700000002800000436f6e74726f6c73b3260000888d000000003000a5090000070000801e000000a202000000800000080000805363684772696473d02000007017000053747564656e747300008800a5090000070000801f000000620000000180000060000000436f6e74726f6c73302a000002330000210432044f0437044c042000220046004b005f004300560073005f00530074007500640065006e0074007300220020003c04350436043404430420002200530074007500640065006e007400730022002000380420002200430056007300220000002800b50100000700008020000000310000005100000002800000436f6e74726f6c731a210000b048000000009400a5090000070000802100000052000000018000006c000000436f6e74726f6c731516000015250000210432044f0437044c042000220046004b005f00530074007500640065006e00740073005f00470072006f00750070007300220020003c04350436043404430420002200470072006f0075007000730022002000380420002200530074007500640065006e0074007300220000002800b50100000700008022000000310000005700000002800000436f6e74726f6c734c1600005b27000000003000a509000007000080230000009c020000008000000500008053636847726964733264000070170000557365727369647300009400a5090000070000802400000052000000018000006c000000436f6e74726f6c73536e000020240000210432044f0437044c042000220046004b005f0043006f006d00700061006e006900650073005f0055007300650072007300220020003c04350436043404430420002200550073006500720073002200200038042000220043006f006d00700061006e00690065007300220000002800b50100000700008025000000310000005700000002800000436f6e74726f6c73a1630000322b000000003000a50900000700008026000000a2020000008000000800008053636847726964730a410000d8270000576f726b4578707300008800a50900000700008027000000620000000180000060000000436f6e74726f6c73872b0000703e0000210432044f0437044c042000220046004b005f0057006f0072006b0045007800700073005f00430056007300220020003c043504360434044304200022004300560073002200200038042000220057006f0072006b004500780070007300220000002800b50100000700008028000000310000005100000002800000436f6e74726f6c730a320000bc4400000000000000002143341208000000a7290000b31b000078563412070000001401000043006f006d00700061006e0069006500730000000000000000888f4000000000000010400100000000000000000000000e000000050000001801000000000000000000000000000000000000f800000000000000050000000000000000000000020000000000000000888f4000000000000000000000000000888f400000000000000040040000002000000030000000000000000000000000788f4000000000000010400000000000000040000000000000004000000000000000000100000000000000050000000000000040000000010000000000000000000040000000000000104004000000200000002000000000000000000000000000000005000000540000002c0000002c0000002c000000340000000000000000000000a7290000b31b0000000000002d010000090000000c000000070000001c010000f708000053070000390300000b040000d0020000dd04000018060000a203000018060000bc07000046050000000000000100000041170000d816000000000000070000000700000002000000020000001c010000e60a00000000000001000000f21300004e06000000000000010000000100000002000000020000001c010000f70800000100000000000000f21300000804000000000000000000000000000002000000020000001c010000f7080000000000000000000055320000dd23000000000000000000000d00000004000000040000001c010000f70800009b0a00008106000078563412040000005c00000001000000010000000b000000000000000100000002000000030000000400000005000000060000000700000008000000090000000a00000004000000640062006f0000000a00000043006f006d00700061006e006900650073000000214334120800000041170000e211000078563412070000001401000043005600730000007a726b0a5b6c725d0a5b5e92f020f3a1506f327f3220279221027200861400000000ffffbf020000004f475bc600000018907800d0dc3d00d80000007e56475b0000000080a4e502088d7800848e780008049715289b7800f050475be4db3d00644ff30f54dd3d006571d67767e04f00feffffff8ce3d177f2e0d17700000000306cdc0200000000542f7f00b651475b36477e5e20e13d000000000000000000644ff30f6825920201000000c7000000f4909202e0dc3d005948a55cf4909202f4909202dc0701106825920268259202dc0701109a0000000200000000000000e00000000200000000000000000000000100000005000000540000002c0000002c0000002c000000340000000000000000000000a729000039160000000000002d010000070000000c000000070000001c010000f708000053070000390300000b040000d0020000dd04000018060000a203000018060000bc07000046050000000000000100000041170000e211000000000000050000000500000002000000020000001c010000e60a00000000000001000000f21300009408000000000000020000000200000002000000020000001c010000f70800000100000000000000f21300000804000000000000000000000000000002000000020000001c010000f7080000000000000000000055320000dd23000000000000000000000d00000004000000040000001c010000f70800009b0a00008106000078563412040000005000000001000000010000000b000000000000000100000002000000030000000400000005000000060000000700000008000000090000000a00000004000000640062006f000000040000004300560073000000214334120800000041170000d816000078563412070000001401000045006400750063006100740069006f006e0073000000000000000000000000000000000000000000000000000000000000000000000000000000000000000000000000000000000000000000000000000000000000000000000000000000000000000000000000000000000000000000000000000000000000000000000000000000000000000000000000000000000000000000000000000000000000000000000000000000000000000000000000000000000000000000000000000000000000000000000000000000000000000000000000000000000000000000000000000000000000000000000000000000000000000000000000000100000005000000540000002c0000002c0000002c000000340000000000000000000000a7290000c51a0000000000002d010000090000000c000000070000001c010000f708000053070000390300000b040000d0020000dd04000018060000a203000018060000bc07000046050000000000000100000041170000d816000000000000070000000700000002000000020000001c010000e60a00000000000001000000f21300009408000000000000020000000200000002000000020000001c010000f70800000100000000000000f21300000804000000000000000000000000000002000000020000001c010000f7080000000000000000000055320000dd23000000000000000000000d00000004000000040000001c010000f70800009b0a00008106000078563412040000005e00000001000000010000000b000000000000000100000002000000030000000400000005000000060000000700000008000000090000000a00000004000000640062006f0000000b00000045006400750063006100740069006f006e007300000002000b00d02000004c680000411700004c6800000000000002000000f0f0f00000000000000000000000000000000000010000000500000000000000c716000045660000960a00005801000036000000010000020000960a000058010000020000000000050000800800008001000000150001cc0000900144420100065461686f6d61110046004b005f0045006400750063006100740069006f006e0073005f00430056007300214334120800000041170000710a000078563412070000001401000046006100630075006c0074006900650073000000970083008900870095000600190095008401030003000000e0400000e0400000e0400000e0400000e0400000e0400000e0400000e0400000e0400000e0400000e0400000e0400000e0400000e0400000e0400000e0400000e0400000e0400000e0400000e0400000e0400000e0400000e0400000000000000000000000000000000000000000000000000000000000000000000000000000000000000000000000000000000000000000000000000000000000000000000000000000000000000000000000000000000000000000000000000000000000000000000000000000000000000100000005000000540000002c0000002c0000002c000000340000000000000000000000a729000039160000000000002d010000070000000c000000070000001c010000f708000053070000390300000b040000d0020000dd04000018060000a203000018060000bc07000046050000000000000100000041170000710a000000000000020000000200000002000000020000001c010000e60a00000000000001000000f21300004e06000000000000010000000100000002000000020000001c010000f70800000100000000000000f21300000804000000000000000000000000000002000000020000001c010000f7080000000000000000000055320000dd23000000000000000000000d00000004000000040000001c010000f70800009b0a00008106000078563412040000005c00000001000000010000000b000000000000000100000002000000030000000400000005000000060000000700000008000000090000000a00000004000000640062006f0000000a00000046006100630075006c0074006900650073000000214334120800000041170000ec0c0000785634120700000014010000470072006f0075007000730000008900940083008f000f0083009000890097008300890087009500840150020000e0400000e0400000e0400000e0400000e0400000e0400000e0400000e0400000e0400000e0400000e0400000e0400000e0400000e0400000e0400000e0400000e0400000e0400000e0400000e0400000e0400000e0400000e0400000e0400000000000000000000000000000000000000000000000000000000000000000000000000000000000000000000000000000000000000000000000000000000000000000000000000000000000000000000000000000000000000000000000000000000000000000000000000100000005000000540000002c0000002c0000002c000000340000000000000000000000a729000039160000000000002d010000070000000c000000070000001c010000f708000053070000390300000b040000d0020000dd04000018060000a203000018060000bc07000046050000000000000100000041170000ec0c000000000000030000000300000002000000020000001c010000e60a00000000000001000000f21300009408000000000000020000000200000002000000020000001c010000f70800000100000000000000f21300000804000000000000000000000000000002000000020000001c010000f7080000000000000000000055320000dd23000000000000000000000d00000004000000040000001c010000f70800009b0a00008106000078563412040000005600000001000000010000000b000000000000000100000002000000030000000400000005000000060000000700000008000000090000000a00000004000000640062006f00000007000000470072006f00750070007300000002000b00b80b00007e360000b80b0000262d00000000000002000000f0f0f00000000000000000000000000000000000010000000900000000000000670c000026310000440b00005801000032000000010000020000440b000058010000020000000000050000800800008001000000150001cc0000900144420100065461686f6d61130046004b005f00470072006f007500700073005f0046006100630075006c007400690065007300214334120800000041170000670f00007856341207000000140100004c0061006e00670075006100670065007300000055aaffffffffffffffffffffffffaa550000000000000000000055aaffaa55000000000000000000000055aaffaa5500000000000000000000000000000000000000000055aaffaa55000000000000000000000055aaffaa5500000000000000000000000000000000000000000055aaffaa55000000000000000000000055aaffffffffffffffffffffffd5802b0000000000000000000055aaffaa55000000000000000000000055aaffaa5500000000000000000000000000000000000000000055aaffaa55000000000000000000000055aaffaa55000000000000000000000000000100000005000000540000002c0000002c0000002c000000340000000000000000000000a729000039160000000000002d010000070000000c000000070000001c010000f708000053070000390300000b040000d0020000dd04000018060000a203000018060000bc07000046050000000000000100000041170000670f000000000000040000000400000002000000020000001c010000e60a00000000000001000000f21300004e06000000000000010000000100000002000000020000001c010000f70800000100000000000000f21300000804000000000000000000000000000002000000020000001c010000f7080000000000000000000055320000dd23000000000000000000000d00000004000000040000001c010000f70800009b0a00008106000078563412040000005c00000001000000010000000b000000000000000100000002000000030000000400000005000000060000000700000008000000090000000a00000004000000640062006f0000000a0000004c0061006e006700750061006700650073000000214334120800000041170000670f00007856341207000000140100004c0061006e00670075006100670065007300430056007300000000000000002b80d5ffaa5500000055aaffffaa5500000000002b80d5ffd5802b000055aaffd5d5d5d5802b000000002b80d5ffaa55002b80d5ffaa5500000000000000000055aaffd5802b0055aaffd5805580d5aa550000002b80d5ffaa550055aaffd5802b0000000000000000002b80d5ffaa550055aaffd5802b2b80d5aa5500002b80d5ffaa550055aaffd5802b0000000000000000002b80d5ffaa550055aaffd5802b000055aad5802b2b80d5ffaa55002b80d5ffaa5500000000000000000055aaffd5802b0055aaffd5802b00000055000000000000000000000100000005000000540000002c0000002c0000002c000000340000000000000000000000a729000039160000000000002d010000070000000c000000070000001c010000f708000053070000390300000b040000d0020000dd04000018060000a203000018060000bc07000046050000000000000100000041170000670f000000000000040000000400000002000000020000001c010000e60a00000000000001000000f2130000da0a000000000000030000000300000002000000020000001c010000f70800000100000000000000f21300000804000000000000000000000000000002000000020000001c010000f7080000000000000000000055320000dd23000000000000000000000d00000004000000040000001c010000f70800009b0a00008106000078563412040000006200000001000000010000000b000000000000000100000002000000030000000400000005000000060000000700000008000000090000000a00000004000000640062006f0000000d0000004c0061006e00670075006100670065007300430056007300000004000b005c2b0000647100005c2b00008d8d0000882c00008d8d0000882c00008e8f00000000000002000000f0f0f00000000000000000000000000000000000010000000d00000000000000101e00002c8400009d0c0000580100003b0000000100000200009d0c000058010000020000000000050000800800008001000000150001cc0000900144420100065461686f6d61130046004b005f004c0061006e006700750061006700650073004300560073005f0043005600730002000b00411700002c970000d02000002c9700000000000002000000f0f0f00000000000000000000000000000000000010000000f0000000000000062130000db9700007210000058010000380000000100000200007210000058010000020000000000050000800800008001000000150001cc0000900144420100065461686f6d61190046004b005f004c0061006e006700750061006700650073004300560073005f004c0061006e0067007500610067006500730021433412080000007f150000f6070000785634120700000014010000500061007300730000005c01830106000e004f020800860097008500830096008b00910090009500840150020000e0400000e0400000e0400000e0400000e0400000e0400000e0400000e0400000e0400000e0400000e0400000e0400000e0400000e0400000e0400000e0400000e0400000e0400000e0400000e0400000e0400000e0400000e0400000e0400000000000000000000000000000000000000000000000000000000000000000000000000000000000000000000000000000000000000000000000000000000000000000000000000000000000000000000000000000000000000000000000000000000000000000000000000100000005000000540000002c0000002c0000002c000000340000000000000000000000a729000039160000000000002d010000070000000c000000070000001c010000f708000053070000390300000b040000d0020000dd04000018060000a203000018060000bc0700004605000000000000010000007f150000f607000000000000010000000100000002000000020000001c010000e70900000000000001000000f21300000804000000000000000000000000000002000000020000001c010000f70800000100000000000000f21300000804000000000000000000000000000002000000020000001c010000f7080000000000000000000055320000dd23000000000000000000000d00000004000000040000001c010000f70800009b0a00008106000078563412040000005200000001000000010000000b000000000000000100000002000000030000000400000005000000060000000700000008000000090000000a00000004000000640062006f0000000500000050006100730073000000214334120800000041170000710a0000785634120700000014010000500072006f006700720061006d004c0061006e00670075006100670065007300000095008401030003000000e0400000e0400000e0400000e0400000e0400000e0400000e0400000e0400000e0400000e0400000e0400000e0400000e0400000e0400000e0400000e0400000e0400000e0400000e0400000e0400000e0400000e0400000e0400000000000000000000000000000000000000000000000000000000000000000000000000000000000000000000000000000000000000000000000000000000000000000000000000000000000000000000000000000000000000000000000000000000000000000000000000000000000000100000005000000540000002c0000002c0000002c000000340000000000000000000000a729000039160000000000002d010000070000000c000000070000001c010000f708000053070000390300000b040000d0020000dd04000018060000a203000018060000bc07000046050000000000000100000041170000710a000000000000020000000200000002000000020000001c010000e60a00000000000001000000f21300004e06000000000000010000000100000002000000020000001c010000f70800000100000000000000f21300000804000000000000000000000000000002000000020000001c010000f7080000000000000000000055320000dd23000000000000000000000d00000004000000040000001c010000f70800009b0a00008106000078563412040000006a00000001000000010000000b000000000000000100000002000000030000000400000005000000060000000700000008000000090000000a00000004000000640062006f00000011000000500072006f006700720061006d004c0061006e006700750061006700650073000000214334120800000041170000670f0000785634120700000014010000500072006f006700720061006d004c0061006e00670075006100670065007300430056007300000008000701560000007100000010008a131890780000000000e00000009f00a10600000000d852a415088d7800888e7800a06b9a15909b7800782ac61578e23d00b0c9ba15e8e33d006571d67767e04f00feffffff8ce3d177f2e0d1774c000000306cdc020000000023e0d17700000000d0e73d0000000000702ac61538e33d00dd14e9760000780000000000782ac61550e33d00b211445b0000780000000000782ac615306cdc025ce33d00d711445b782ac61570e33d000200000000000000e80000008226000000000000000000000100000005000000540000002c0000002c0000002c000000340000000000000000000000a729000039160000000000002d010000070000000c000000070000001c010000f708000053070000390300000b040000d0020000dd04000018060000a203000018060000bc07000046050000000000000100000041170000670f000000000000040000000400000002000000020000001c010000e60a00000000000001000000f2130000da0a000000000000030000000300000002000000020000001c010000f70800000100000000000000f21300000804000000000000000000000000000002000000020000001c010000f7080000000000000000000055320000dd23000000000000000000000d00000004000000040000001c010000f70800009b0a00008106000078563412040000007000000001000000010000000b000000000000000100000002000000030000000400000005000000060000000700000008000000090000000a00000004000000640062006f00000014000000500072006f006700720061006d004c0061006e00670075006100670065007300430056007300000004000b0011380000206700002d3f0000206700002d3f0000085200000a410000085200000000000002000000f0f0f00000000000000000000000000000000000010000001400000000000000dc3f0000f25d00001f11000058010000380000000100000200001f11000058010000020000000000050000800800008001000000150001cc0000900144420100065461686f6d611a0046004b005f00500072006f006700720061006d004c0061006e006700750061006700650073004300560073005f0043005600730002000b00c24c000006630000c24c0000d15900000000000002000000f0f0f00000000000000000000000000000000000010000001600000000000000714d0000c05d00007619000058010000320000000100000200007619000058010000020000000000050000800800008001000000150001cc0000900144420100065461686f6d61270046004b005f00500072006f006700720061006d004c0061006e006700750061006700650073004300560073005f00500072006f006700720061006d004c0061006e00670075006100670065007300214334120800000041170000670f000078563412070000001401000050007500720070006f0073006500730000002b000000000000000055aaffd5802b000000000000000000000000002b80d5ffaa55000000000000002b80d5ffaa5500000000000000000000000055aaffaa550000000000000055aaffd5802b000000000000000055aaffffffaa55000000000000000000000000000000000000000000000000000000002b80d5ffaa5500000055aaffffd58080aaffd5802b002b80d5d5805580d5ffffffffffffd5802b00000000000000000000000000000000000000000000000000000000000000002b80d5ffaa550000000000000000000000000000002b80d5ffaa550000000000000000000000000100000005000000540000002c0000002c0000002c000000340000000000000000000000a729000039160000000000002d010000070000000c000000070000001c010000f708000053070000390300000b040000d0020000dd04000018060000a203000018060000bc07000046050000000000000100000041170000670f000000000000040000000400000002000000020000001c010000e60a00000000000001000000f21300004e06000000000000010000000100000002000000020000001c010000f70800000100000000000000f21300000804000000000000000000000000000002000000020000001c010000f7080000000000000000000055320000dd23000000000000000000000d00000004000000040000001c010000f70800009b0a00008106000078563412040000005a00000001000000010000000b000000000000000100000002000000030000000400000005000000060000000700000008000000090000000a00000004000000640062006f0000000900000050007500720070006f00730065007300000004000b000a410000907e00002d3f0000907e00002d3f0000e268000011380000e26800000000000002000000f0f0f00000000000000000000000000000000000010000001900000000000000dc3f0000856e0000af0900005801000034000000010000020000af09000058010000020000000000ffffff000800008001000000150001cc0000900144420100065461686f6d610f0046004b005f004300560073005f0050007500720070006f0073006500730021433412080000007f150000f607000078563412070000001401000052006f006c006500730000000000000000000000000000000000000000000000002b80d5ffaa55000000000000000000000000000000000000002b80d5ffaa550000000000000000000055aaffffffaa550000000000000000000000000000002b80d5ffaa550000000000000000000055aaffd5802b00002b80d5ffaa55000000000000000000000055aaffffffaa5500000000000000000000000055aaffffffffffffd5802b000000000000000000000055aaffffffffffaa5500000000000000000000000000000000000000000000000000000000000000000000002b80aa802b0000000000000000000000000000000000000000000100000005000000540000002c0000002c0000002c000000340000000000000000000000a729000039160000000000002d010000070000000c000000070000001c010000f708000053070000390300000b040000d0020000dd04000018060000a203000018060000bc0700004605000000000000010000007f150000f607000000000000010000000100000002000000020000001c010000e70900000000000001000000f21300004e06000000000000010000000100000002000000020000001c010000f70800000100000000000000f21300000804000000000000000000000000000002000000020000001c010000f7080000000000000000000055320000dd23000000000000000000000d00000004000000040000001c010000f70800009b0a00008106000078563412040000005400000001000000010000000b000000000000000100000002000000030000000400000005000000060000000700000008000000090000000a00000004000000640062006f0000000600000052006f006c00650073000000214334120800000041170000670f0000785634120700000014010000530065007200740069006600690063006100740073000000000000000000000000000000000055aaffaa5500000000000000000000000055aaffffffffffffffffffffffaa550000000055aaffaa55000000000000002b80d5ffaa550000000000000000002b80d5ffaa5500000000000000002b80d5ffffffffffffffffffffffffffd5802b0000000000000000000000000000000000000000000000000000002b80d5d5802b000000000000000000000055aaffd5802b0000000000002b80d5ffaa550000000055aaffaa55000000000000002b80d5ffaa55002b80d5ffaa5500000000000000000055aaffaa000000000000000000000100000005000000540000002c0000002c0000002c000000340000000000000000000000a729000039160000000000002d010000070000000c000000070000001c010000f708000053070000390300000b040000d0020000dd04000018060000a203000018060000bc07000046050000000000000100000041170000670f000000000000040000000400000002000000020000001c010000e60a00000000000001000000f21300009408000000000000020000000200000002000000020000001c010000f70800000100000000000000f21300000804000000000000000000000000000002000000020000001c010000f7080000000000000000000055320000dd23000000000000000000000d00000004000000040000001c010000f70800009b0a00008106000078563412040000006000000001000000010000000b000000000000000100000002000000030000000400000005000000060000000700000008000000090000000a00000004000000640062006f0000000c00000053006500720074006900660069006300610074007300000004000b001e2d0000647100001e2d0000d98c0000c24c0000d98c0000c24c00008e8f00000000000002000000f0f0f00000000000000000000000000000000000010000001d00000000000000b3260000888d0000230a00005801000034000000010000020000230a000058010000020000000000ffffff000800008001000000150001cc0000900144420100065461686f6d61120046004b005f00530065007200740069006600690063006100740073005f00430056007300214334120800000041170000491e0000785634120700000014010000530074007500640065006e00740073000000aa550000000055aaffd5802b000000000000000000000000000000000055aaffffffffffffffffffffffaa55000000000000002b80d5ffaa550000000000000000000000000000000000002b80d5ffaa55000000000000002b80d5ffaa5500000000000000000055aaffaa5500000055aaffaa550000000000002b80d5ffaa5500000000002b80d5ffffffffaa55000000000000000000000000000000000000002b80d5d5802b0000000000000000000000000000000000000000000000000000000000000000000000000000000000000000000000000000000000000000000000000000000100000005000000540000002c0000002c0000002c000000340000000000000000000000a729000097210000000000002d0100000c0000000c000000070000001c010000f708000053070000390300000b040000d0020000dd04000018060000a203000018060000bc07000046050000000000000100000041170000491e0000000000000a0000000a00000002000000020000001c010000e60a00000000000001000000f21300009408000000000000020000000200000002000000020000001c010000f70800000100000000000000f21300000804000000000000000000000000000002000000020000001c010000f7080000000000000000000055320000dd23000000000000000000000d00000004000000040000001c010000f70800009b0a00008106000078563412040000005a00000001000000010000000b000000000000000100000002000000030000000400000005000000060000000700000008000000090000000a00000004000000640062006f00000009000000530074007500640065006e0074007300000004000b00882c0000b9350000882c0000594300005c2b0000594300005c2b0000825f00000200000002000000f0f0f000000000000000000000000000000000000100000020000000000000001a210000b04800009309000058010000330000000100000200009309000058010000020000000000ffffff000800008001000000150001cc0000900144420100065461686f6d610f0046004b005f004300560073005f00530074007500640065006e007400730002000b0041170000ac260000d0200000ac2600000000000002000000f0f0f000000000000000000000000000000000000100000022000000000000004c1600005b270000600b00005801000035000000010000020000600b000058010000020000000000ffffff000800008001000000150001cc0000900144420100065461686f6d61120046004b005f00530074007500640065006e00740073005f00470072006f00750070007300214334120800000041170000670f00007856341207000000140100005500730065007200730000000000000055aaffaa55000000000000002b80d5ffaa550000000000002b80d5ffaa55000000000000000000000000000000000000000000000000000000000000000055aaffd5802b000000000000000055aaffd5802b0000000055aaffffffffffffffffffffffaa55000000000000002b80d5ffaa5500000000000000000000002b80d5ffffffffffffffffffffffffffd5802b000000000000000000000000000000000000000000000000000000000000000000000000000000000000002b80d5ffaa5555aaffffaa5500000055aaffd5802b002b80d5ffffd5802b0000000000000000000000000000000100000005000000540000002c0000002c0000002c000000340000000000000000000000a729000039160000000000002d010000070000000c000000070000001c010000f708000053070000390300000b040000d0020000dd04000018060000a203000018060000bc07000046050000000000000100000041170000670f000000000000040000000400000002000000020000001c010000e60a00000000000001000000f21300004e06000000000000010000000100000002000000020000001c010000f70800000100000000000000f21300000804000000000000000000000000000002000000020000001c010000f7080000000000000000000055320000dd23000000000000000000000d00000004000000040000001c010000f70800009b0a00008106000078563412040000005400000001000000010000000b000000000000000100000002000000030000000400000005000000060000000700000008000000090000000a00000004000000640062006f0000000600000055007300650072007300000002000b00ea6f0000d7260000ea6f0000a23000000200000002000000f0f0f00000000000000000000000000000000000010000002500000000000000a1630000322b00009a0b000058010000340000000100000200009a0b000058010000020000000000ffffff000800008001000000150001cc0000900144420100065461686f6d61120046004b005f0043006f006d00700061006e006900650073005f00550073006500720073002143341208000000411700005319000078563412070000001401000057006f0072006b004500780070007300000000000000000000000055aaffaa55000000000000000000000000000055aaffd5802b0000000000002b80d5ffaa550000000055aaffaa550000000000002b80d5ffaa550000000055aaffd5802b00000000000000000000000000000055aaffd5802b00000000002b80d5ffaa55000000000000002b80d5ffaa550000000000000000000000000000000000002b80d5ffaa55000000000000002b80d5ffaa5500000000000000000055aaffaa5500000055aaffaa550000000000002b80d5ffaa5500000000000000000000000055aaffffffffaa5500000000000000000000000000000000000100000005000000540000002c0000002c0000002c000000340000000000000000000000a72900000b1d0000000000002d0100000a0000000c000000070000001c010000f708000053070000390300000b040000d0020000dd04000018060000a203000018060000bc070000460500000000000001000000411700005319000000000000080000000800000002000000020000001c010000e60a00000000000001000000f21300009408000000000000020000000200000002000000020000001c010000f70800000100000000000000f21300000804000000000000000000000000000002000000020000001c010000f7080000000000000000000055320000dd23000000000000000000000d00000004000000040000001c010000f70800009b0a00008106000078563412040000005a00000001000000010000000b000000000000000100000002000000030000000400000005000000060000000700000008000000090000000a00000004000000640062006f0000000900000057006f0072006b004500780070007300000004000b001e2d0000825f00001e2d00000d440000c24c00000d440000c24c00002b4100000000000002000000f0f0f000000000000000000000000000000000000100000028000000000000000a320000bc440000230a00005801000033000000010000020000230a000058010000020000000000ffffff000800008001000000150001cc0000900144420100065461686f6d610f0046004b005f0057006f0072006b0045007800700073005f0043005600730000000000000000000000000000000000000000000000000000000000000000000000000000000000000000000000000000000000000000000000000000000000000000000000000000000000000000000000000000000000000000000000000000000000000000000000000000000000000000000000000000000000000000000000000000000000000000000000000000000000000000000000000000000000000000000000000000000000000000000000000000000000000000000000000000000000000000000000000000000000000000000000000000000000000000000000000000000000000000000000000000000000000000000000000000000000000000000000000000000000000000000000000000000000000000000000000000000000000000000000000000000000000000000000000000000000000000000100feff030a0000ffffffff00000000000000000000000000000000170000004d6963726f736f66742044445320466f726d20322e300010000000456d626564646564204f626a6563740000000000f439b271000000000000000000000000000000000000000000000000000000000000000000000000000000000000000000010003000000000000000c0000000b0000004e61bc00000000000000000000000000000000000000000000000000000000000000000000000000000000000000dbe6b0e91c81d011ad5100a0c90f573900000200d08ababd4a06d0010202000010484500000000000000000000000000000000007c0100004400610074006100200053006f0075007200630065003d00540041005a0049004b002d00500043003b0049006e0069007400690061006c00200043006100740061006c006f0067003d0043005600530079007300740065006d003b005000650072007300690073007400200053006500630075007200690074007900200049006e0066006f003d0054007200750065003b0055007300650072002000490044003d00730061003b004d0075006c007400690070006c00650041006300740069007600650052006500730075006c00740053006500740073003d00460061006c00730065003b005000610063006b00650074002000530069007a0065003d0034003000390036003b000300440064007300530074007200650061006d000000000000000000000000000000000000000000000000000000000000000000000000000000000000000000160002000300000006000000ffffffff000000000000000000000000000000000000000000000000000000000000000000000000260000005e2800000000000053006300680065006d00610020005500440056002000440065006600610075006c0074000000000000000000000000000000000000000000000000000000000026000200ffffffffffffffffffffffff0000000000000000000000000000000000000000000000000000000000000000000000003a0000001600000000000000440053005200450046002d0053004300480045004d0041002d0043004f004e00540045004e0054005300000000000000000000000000000000000000000000002c0002010500000007000000ffffffff0000000000000000000000000000000000000000000000000000000000000000000000003b000000b40400000000000053006300680065006d00610020005500440056002000440065006600610075006c007400200050006f007300740020005600360000000000000000000000000036000200ffffffffffffffffffffffff0000000000000000000000000000000000000000000000000000000000000000000000004e00000012000000000000000c00000075280000000000000100260000007300630068005f006c006100620065006c0073005f00760069007300690062006c0065000000010000000b0000001e000000000000000000000000000000000000006400000000000000000000000000000000000000000000000000010000000100000000000000000000000000000000000000d00200000600280000004100630074006900760065005400610062006c00650056006900650077004d006f006400650000000100000008000400000030000000200000005400610062006c00650056006900650077004d006f00640065003a00300000000100000008003a00000034002c0030002c003200380034002c0030002c0032003200390035002c0031002c0031003800370035002c0035002c0031003200340035000000200000005400610062006c00650056006900650077004d006f00640065003a00310000000100000008001e00000032002c0030002c003200380034002c0030002c0032003700390030000000200000005400610062006c00650056006900650077004d006f00640065003a00320000000100000008001e00000032002c0030002c003200380034002c0030002c0032003200390035000000200000005400610062006c00650056006900650077004d006f00640065003a00330000000100000008001e00000032002c0030002c003200380034002c0030002c0032003200390035000000200000005400610062006c00650056006900650077004d006f00640065003a00340000000100000008003e00000034002c0030002c003200380034002c0030002c0032003200390035002c00310032002c0032003700310035002c00310031002c0031003600360035000000020000000200000000000000000000000000000000000000d00200000600280000004100630074006900760065005400610062006c00650056006900650077004d006f006400650000000100000008000400000031000000200000005400610062006c00650056006900650077004d006f00640065003a00300000000100000008003a00000034002c0030002c003200380034002c0030002c0032003200390035002c0031002c0031003800370035002c0035002c0031003200340035000000200000005400610062006c00650056006900650077004d006f00640065003a00310000000100000008001e00000032002c0030002c003200380034002c0030002c0032003700390030000000200000005400610062006c00650056006900650077004d006f00640065003a00320000000100000008001e00000032002c0030002c003200380034002c0030002c0032003200390035000000200000005400610062006c00650056006900650077004d006f00640065003a00330000000100000008001e00000032002c0030002c003200380034002c0030002c0032003200390035000000200000005400610062006c00650056006900650077004d006f00640065003a00340000000100000008003e00000034002c0030002c003200380034002c0030002c0032003200390035002c00310032002c0032003700310035002c00310031002c0031003600360035000000030000000300000000000000000000000000000000000000d00200000600280000004100630074006900760065005400610062006c00650056006900650077004d006f006400650000000100000008000400000031000000200000005400610062006c00650056006900650077004d006f00640065003a00300000000100000008003a00000034002c0030002c003200380034002c0030002c0032003200390035002c0031002c0031003800370035002c0035002c0031003200340035000000200000005400610062006c00650056006900650077004d006f00640065003a00310000000100000008001e00000032002c0030002c003200380034002c0030002c0032003700390030000000200000005400610062006c00650056006900650077004d006f00640065003a00320000000100000008001e00000032002c0030002c003200380034002c0030002c0032003200390035000000200000005400610062006c00650056006900650077004d006f00640065003a00330000000100000008001e00000032002c0030002c003200380034002c0030002c0032003200390035000000200000005400610062006c00650056006900650077004d006f00640065003a00340000000100000008003e00000034002c0030002c003200380034002c0030002c0032003200390035002c00310032002c0032003700310035002c00310031002c00310036003600350000000400000004000000000000003400000001ffa21501000000640062006f00000046004b005f0045006400750063006100740069006f006e0073005f0043005600730000000000000000000000c40200000000050000000500000004000000080000000165e2152865e2150000000000000000ad070000000000060000000600000000000000000000000000000000000000d00200000600280000004100630074006900760065005400610062006c00650056006900650077004d006f006400650000000100000008000400000031000000200000005400610062006c00650056006900650077004d006f00640065003a00300000000100000008003a00000034002c0030002c003200380034002c0030002c0032003200390035002c0031002c0031003800370035002c0035002c0031003200340035000000200000005400610062006c00650056006900650077004d006f00640065003a00310000000100000008001e00000032002c0030002c003200380034002c0030002c0032003700390030000000200000005400610062006c00650056006900650077004d006f00640065003a00320000000100000008001e00000032002c0030002c003200380034002c0030002c0032003200390035000000200000005400610062006c00650056006900650077004d006f00640065003a00330000000100000008001e00000032002c0030002c003200380034002c0030002c0032003200390035000000200000005400610062006c00650056006900650077004d006f00640065003a00340000000100000008003e00000034002c0030002c003200380034002c0030002c0032003200390035002c00310032002c0032003700310035002c00310031002c0031003600360035000000070000000700000000000000000000000000000000000000d00200000600280000004100630074006900760065005400610062006c00650056006900650077004d006f006400650000000100000008000400000031000000200000005400610062006c00650056006900650077004d006f00640065003a00300000000100000008003a00000034002c0030002c003200380034002c0030002c0032003200390035002c0031002c0031003800370035002c0035002c0031003200340035000000200000005400610062006c00650056006900650077004d006f00640065003a00310000000100000008001e00000032002c0030002c003200380034002c0030002c0032003700390030000000200000005400610062006c00650056006900650077004d006f00640065003a00320000000100000008001e00000032002c0030002c003200380034002c0030002c0032003200390035000000200000005400610062006c00650056006900650077004d006f00640065003a00330000000100000008001e00000032002c0030002c003200380034002c0030002c0032003200390035000000200000005400610062006c00650056006900650077004d006f00640065003a00340000000100000008003e00000034002c0030002c003200380034002c0030002c0032003200390035002c00310032002c0032003700310035002c00310031002c00310036003600350000000800000008000000000000003800000001ffa21501000000640062006f00000046004b005f00470072006f007500700073005f0046006100630075006c00740069006500730000000000000000000000c40200000000090000000900000008000000080000000168e2152868e2150000000000000000ad0700000000000a0000000a00000000000000000000000000000000000000d00200000600280000004100630074006900760065005400610062006c00650056006900650077004d006f006400650000000100000008000400000031000000200000005400610062006c00650056006900650077004d006f00640065003a00300000000100000008003a00000034002c0030002c003200380034002c0030002c0032003200390035002c0031002c0031003800370035002c0035002c0031003200340035000000200000005400610062006c00650056006900650077004d006f00640065003a00310000000100000008001e00000032002c0030002c003200380034002c0030002c0032003700390030000000200000005400610062006c00650056006900650077004d006f00640065003a00320000000100000008001e00000032002c0030002c003200380034002c0030002c0032003200390035000000200000005400610062006c00650056006900650077004d006f00640065003a00330000000100000008001e00000032002c0030002c003200380034002c0030002c0032003200390035000000200000005400610062006c00650056006900650077004d006f00640065003a00340000000100000008003e00000034002c0030002c003200380034002c0030002c0032003200390035002c00310032002c0032003700310035002c00310031002c00310036003600350000000b0000000b00000000000000000000000000000000000000d00200000600280000004100630074006900760065005400610062006c00650056006900650077004d006f006400650000000100000008000400000031000000200000005400610062006c00650056006900650077004d006f00640065003a00300000000100000008003a00000034002c0030002c003200380034002c0030002c0032003200390035002c0031002c0031003800370035002c0035002c0031003200340035000000200000005400610062006c00650056006900650077004d006f00640065003a00310000000100000008001e00000032002c0030002c003200380034002c0030002c0032003700390030000000200000005400610062006c00650056006900650077004d006f00640065003a00320000000100000008001e00000032002c0030002c003200380034002c0030002c0032003200390035000000200000005400610062006c00650056006900650077004d006f00640065003a00330000000100000008001e00000032002c0030002c003200380034002c0030002c0032003200390035000000200000005400610062006c00650056006900650077004d006f00640065003a00340000000100000008003e00000034002c0030002c003200380034002c0030002c0032003200390035002c00310032002c0032003700310035002c00310031002c00310036003600350000000c0000000c000000000000003800000001ffa21501000000640062006f00000046004b005f004c0061006e006700750061006700650073004300560073005f0043005600730000000000000000000000c402000000000d0000000d0000000c00000008000000017ae215a87ae2150000000000000000ad0700000000000e0000000e00000000000000440000000101717601000000640062006f00000046004b005f004c0061006e006700750061006700650073004300560073005f004c0061006e0067007500610067006500730000000000000000000000c402000000000f0000000f0000000e00000008000000017ae215687ae2150000000000000000ad070000000000100000001000000000000000000000000000000000000000d00200000600280000004100630074006900760065005400610062006c00650056006900650077004d006f006400650000000100000008000400000031000000200000005400610062006c00650056006900650077004d006f00640065003a00300000000100000008003a00000034002c0030002c003200380034002c0030002c0032003200390035002c0031002c0031003800370035002c0035002c0031003200340035000000200000005400610062006c00650056006900650077004d006f00640065003a00310000000100000008001e00000032002c0030002c003200380034002c0030002c0032003500330035000000200000005400610062006c00650056006900650077004d006f00640065003a00320000000100000008001e00000032002c0030002c003200380034002c0030002c0032003200390035000000200000005400610062006c00650056006900650077004d006f00640065003a00330000000100000008001e00000032002c0030002c003200380034002c0030002c0032003200390035000000200000005400610062006c00650056006900650077004d006f00640065003a00340000000100000008003e00000034002c0030002c003200380034002c0030002c0032003200390035002c00310032002c0032003700310035002c00310031002c0031003600360035000000110000001100000000000000000000000000000000000000d00200000600280000004100630074006900760065005400610062006c00650056006900650077004d006f006400650000000100000008000400000031000000200000005400610062006c00650056006900650077004d006f00640065003a00300000000100000008003a00000034002c0030002c003200380034002c0030002c0032003200390035002c0031002c0031003800370035002c0035002c0031003200340035000000200000005400610062006c00650056006900650077004d006f00640065003a00310000000100000008001e00000032002c0030002c003200380034002c0030002c0032003700390030000000200000005400610062006c00650056006900650077004d006f00640065003a00320000000100000008001e00000032002c0030002c003200380034002c0030002c0032003200390035000000200000005400610062006c00650056006900650077004d006f00640065003a00330000000100000008001e00000032002c0030002c003200380034002c0030002c0032003200390035000000200000005400610062006c00650056006900650077004d006f00640065003a00340000000100000008003e00000034002c0030002c003200380034002c0030002c0032003200390035002c00310032002c0032003700310035002c00310031002c0031003600360035000000120000001200000000000000000000000000000000000000d00200000600280000004100630074006900760065005400610062006c00650056006900650077004d006f006400650000000100000008000400000031000000200000005400610062006c00650056006900650077004d006f00640065003a00300000000100000008003a00000034002c0030002c003200380034002c0030002c0032003200390035002c0031002c0031003800370035002c0035002c0031003200340035000000200000005400610062006c00650056006900650077004d006f00640065003a00310000000100000008001e00000032002c0030002c003200380034002c0030002c0032003700390030000000200000005400610062006c00650056006900650077004d006f00640065003a00320000000100000008001e00000032002c0030002c003200380034002c0030002c0032003200390035000000200000005400610062006c00650056006900650077004d006f00640065003a00330000000100000008001e00000032002c0030002c003200380034002c0030002c0032003200390035000000200000005400610062006c00650056006900650077004d006f00640065003a00340000000100000008003e00000034002c0030002c003200380034002c0030002c0032003200390035002c00310032002c0032003700310035002c00310031002c0031003600360035000000130000001300000000000000460000000100717601000000640062006f00000046004b005f00500072006f006700720061006d004c0061006e006700750061006700650073004300560073005f0043005600730000000000000000000000c4020000000014000000140000001300000008000000017ae215287ae2150000000000000000ad070000000000150000001500000000000000600000000103000001000000640062006f00000046004b005f00500072006f006700720061006d004c0061006e006700750061006700650073004300560073005f00500072006f006700720061006d004c0061006e0067007500610067006500730000000000000000000000c40200000000160000001600000015000000080000000179e215e879e2150000000000000000ad070000000000170000001700000000000000000000000000000000000000d00200000600280000004100630074006900760065005400610062006c00650056006900650077004d006f006400650000000100000008000400000031000000200000005400610062006c00650056006900650077004d006f00640065003a00300000000100000008003a00000034002c0030002c003200380034002c0030002c0032003200390035002c0031002c0031003800370035002c0035002c0031003200340035000000200000005400610062006c00650056006900650077004d006f00640065003a00310000000100000008001e00000032002c0030002c003200380034002c0030002c0032003700390030000000200000005400610062006c00650056006900650077004d006f00640065003a00320000000100000008001e00000032002c0030002c003200380034002c0030002c0032003200390035000000200000005400610062006c00650056006900650077004d006f00640065003a00330000000100000008001e00000032002c0030002c003200380034002c0030002c0032003200390035000000200000005400610062006c00650056006900650077004d006f00640065003a00340000000100000008003e00000034002c0030002c003200380034002c0030002c0032003200390035002c00310032002c0032003700310035002c00310031002c0031003600360035000000180000001800000000000000300000000100000001000000640062006f00000046004b005f004300560073005f0050007500720070006f0073006500730000000000000000000000c40200000000190000001900000018000000080000000173e215e873e2150000000000000000ad0700000000001a0000001a00000000000000000000000000000000000000d00200000600280000004100630074006900760065005400610062006c00650056006900650077004d006f006400650000000100000008000400000031000000200000005400610062006c00650056006900650077004d006f00640065003a00300000000100000008003a00000034002c0030002c003200380034002c0030002c0032003200390035002c0031002c0031003800370035002c0035002c0031003200340035000000200000005400610062006c00650056006900650077004d006f00640065003a00310000000100000008001e00000032002c0030002c003200380034002c0030002c0032003500330035000000200000005400610062006c00650056006900650077004d006f00640065003a00320000000100000008001e00000032002c0030002c003200380034002c0030002c0032003200390035000000200000005400610062006c00650056006900650077004d006f00640065003a00330000000100000008001e00000032002c0030002c003200380034002c0030002c0032003200390035000000200000005400610062006c00650056006900650077004d006f00640065003a00340000000100000008003e00000034002c0030002c003200380034002c0030002c0032003200390035002c00310032002c0032003700310035002c00310031002c00310036003600350000001b0000001b00000000000000000000000000000000000000d00200000600280000004100630074006900760065005400610062006c00650056006900650077004d006f006400650000000100000008000400000031000000200000005400610062006c00650056006900650077004d006f00640065003a00300000000100000008003a00000034002c0030002c003200380034002c0030002c0032003200390035002c0031002c0031003800370035002c0035002c0031003200340035000000200000005400610062006c00650056006900650077004d006f00640065003a00310000000100000008001e00000032002c0030002c003200380034002c0030002c0032003700390030000000200000005400610062006c00650056006900650077004d006f00640065003a00320000000100000008001e00000032002c0030002c003200380034002c0030002c0032003200390035000000200000005400610062006c00650056006900650077004d006f00640065003a00330000000100000008001e00000032002c0030002c003200380034002c0030002c0032003200390035000000200000005400610062006c00650056006900650077004d006f00640065003a00340000000100000008003e00000034002c0030002c003200380034002c0030002c0032003200390035002c00310032002c0032003700310035002c00310031002c00310036003600350000001c0000001c00000000000000360000000100a21501000000640062006f00000046004b005f00530065007200740069006600690063006100740073005f0043005600730000000000000000000000c402000000001d0000001d0000001c000000080000000179e215a879e2150000000000000000ad0700000000001e0000001e00000000000000000000000000000000000000d00200000600280000004100630074006900760065005400610062006c00650056006900650077004d006f006400650000000100000008000400000031000000200000005400610062006c00650056006900650077004d006f00640065003a00300000000100000008003a00000034002c0030002c003200380034002c0030002c0032003200390035002c0031002c0031003800370035002c0035002c0031003200340035000000200000005400610062006c00650056006900650077004d006f00640065003a00310000000100000008001e00000032002c0030002c003200380034002c0030002c0032003700390030000000200000005400610062006c00650056006900650077004d006f00640065003a00320000000100000008001e00000032002c0030002c003200380034002c0030002c0032003200390035000000200000005400610062006c00650056006900650077004d006f00640065003a00330000000100000008001e00000032002c0030002c003200380034002c0030002c0032003200390035000000200000005400610062006c00650056006900650077004d006f00640065003a00340000000100000008003e00000034002c0030002c003200380034002c0030002c0032003200390035002c00310032002c0032003700310035002c00310031002c00310036003600350000001f0000001f00000000000000300000000100000001000000640062006f00000046004b005f004300560073005f00530074007500640065006e007400730000000000000000000000c4020000000020000000200000001f000000080000000175e215a875e2150000000000000000ad070000000000210000002100000000000000360000000100a21501000000640062006f00000046004b005f00530074007500640065006e00740073005f00470072006f0075007000730000000000000000000000c40200000000220000002200000021000000080000000177e2156877e2150000000000000000ad070000000000230000002300000000000000000000000000000000000000d00200000600280000004100630074006900760065005400610062006c00650056006900650077004d006f006400650000000100000008000400000031000000200000005400610062006c00650056006900650077004d006f00640065003a00300000000100000008003a00000034002c0030002c003200380034002c0030002c0032003200390035002c0031002c0031003800370035002c0035002c0031003200340035000000200000005400610062006c00650056006900650077004d006f00640065003a00310000000100000008001e00000032002c0030002c003200380034002c0030002c0032003700390030000000200000005400610062006c00650056006900650077004d006f00640065003a00320000000100000008001e00000032002c0030002c003200380034002c0030002c0032003200390035000000200000005400610062006c00650056006900650077004d006f00640065003a00330000000100000008001e00000032002c0030002c003200380034002c0030002c0032003200390035000000200000005400610062006c00650056006900650077004d006f00640065003a00340000000100000008003e00000034002c0030002c003200380034002c0030002c0032003200390035002c00310032002c0032003700310035002c00310031002c0031003600360035000000240000002400000000000000360000000101a21501000000640062006f00000046004b005f0043006f006d00700061006e006900650073005f005500730065007200730000000000000000000000c40200000000250000002500000024000000080000000179e2156879e2150000000000000000ad070000000000260000002600000000000000000000000000000000000000d00200000600280000004100630074006900760065005400610062006c00650056006900650077004d006f006400650000000100000008000400000031000000200000005400610062006c00650056006900650077004d006f00640065003a00300000000100000008003a00000034002c0030002c003200380034002c0030002c0032003200390035002c0031002c0031003800370035002c0035002c0031003200340035000000200000005400610062006c00650056006900650077004d006f00640065003a00310000000100000008001e00000032002c0030002c003200380034002c0030002c0032003700390030000000200000005400610062006c00650056006900650077004d006f00640065003a00320000000100000008001e00000032002c0030002c003200380034002c0030002c0032003200390035000000200000005400610062006c00650056006900650077004d006f00640065003a00330000000100000008001e00000032002c0030002c003200380034002c0030002c0032003200390035000000200000005400610062006c00650056006900650077004d006f00640065003a00340000000100000008003e00000034002c0030002c003200380034002c0030002c0032003200390035002c00310032002c0032003700310035002c00310031002c0031003600360035000000270000002700000000000000300000000100000001000000640062006f00000046004b005f0057006f0072006b0045007800700073005f0043005600730000000000000000000000c40200000000280000002800000027000000080000000179e2152879e2150000000000000000ad0700000000003c00000004000000020000000300000068000000710000000c000000020000000b000000230000002600000013000000020000001200000065000000640000001c000000020000001b00000029000000260000002700000002000000260000002800000027000000080000000600000007000000260000002700000021000000070000001e000000610000007e0000000e0000000a0000000b00000065000000640000001500000011000000120000002600000027000000180000001700000002000000640000006b0000001f0000001e0000000200000027000000220000002400000023000000010000002700000026000000000000000000000000000000000000000000000000000000000000000000000000000000000000000000000000000000000000000000000000000000000000000000000000000000000000000000000000000000000000000000000000000000000000000000000000000000000000000000000000000000000000000000000000000000000000000000000000000000000000000000000000000000000000000000000000000000000000000000000000000000000000000000000000000000000000000000000000000000000000000000000000000000000000000000000000000000000000000000000000000000000000000000000000000000000000000000000000000000000000000000000000000000000000000000000000000000000000000000000000000000000000000000000000000000000000000000000000000000000000000000000000000000000000000000000000000000000000000000000000000000000000000000000000000000000000000000000000000000000000000000000000000000000000000000000000000000000000000000000000004100700070006c00690063006100740069006f006e0020004e0061006d0065003d0022004d006900630072006f0073006f00660074002000530051004c00200053006500720076006500720020004d0061006e006100670065006d0065006e0074002000530074007500640069006f002200000000800500140000004400690061006700720061006d005f0030000000000226001200000057006f0072006b004500780070007300000008000000640062006f000000000226000c00000055007300650072007300000008000000640062006f0000000002260012000000530074007500640065006e0074007300000008000000640062006f000000000226001800000053006500720074006900660069006300610074007300000008000000640062006f000000000226000c00000052006f006c0065007300000008000000640062006f000000000226001200000050007500720070006f00730065007300000008000000640062006f0000000002260028000000500072006f006700720061006d004c0061006e00670075006100670065007300430056007300000008000000640062006f0000000002260022000000500072006f006700720061006d004c0061006e00670075006100670065007300000008000000640062006f000000000226000a0000005000610073007300000008000000640062006f000000000226001a0000004c0061006e00670075006100670065007300430056007300000008000000640062006f00000000022600140000004c0061006e00670075006100670065007300000008000000640062006f000000000226000e000000470072006f00750070007300000008000000640062006f000000000226001400000046006100630075006c007400690065007300000008000000640062006f000000000226001600000045006400750063006100740069006f006e007300000008000000640062006f0000000002260008000000430056007300000008000000640062006f000000000224001400000043006f006d00700061006e00690065007300000008000000640062006f00000001000000d68509b3bb6bf2459ab8371664f0327008004e0000007b00310036003300340043004400440037002d0030003800380038002d0034003200450033002d0039004600410032002d004200360044003300320035003600330042003900310044007d000000000000000000000000000000010003000000000000000c0000000b000000000000000000000000000000000000000000000000000000000000000000000000000000000000000000000000000000000000000000000000000000000000000000000000000000000000000000000000000000000000000000000000000000000000000000000000000000000062885214);

--
-- Дамп данных таблицы `users`
--

INSERT INTO `users` (`UsersId`, `Role`, `Login`, `Password`) VALUES
(3, 0, 'apple_1', '08ccce5544eb2e23539a363aa91bf216'),
(4, 1, 'login', '331a9bb5c45938afac5f09c0f7544db4');

--
-- Дамп данных таблицы `workexps`
--

INSERT INTO `workexps` (`WorkExpsId`, `StartDate`, `Duration`, `TypeDuration`, `NameOfInstitution`, `Role`, `CVsId`, `IsNow`) VALUES
(3, 2013, 6, 1, 'Sytoss Ltd', 'Стажор', 4, NULL),
(4, 2014, 1, 2, 'Infostroy Ltd.', 'Tean Lead, Java developer', 4, NULL),
(7, 2014, 8, 1, 'Promo-prom', '3d дизайнер', 6, NULL),
(8, 2014, 3, 1, 'Infostroy Ltd', 'C# Junior (стажер)', 13, NULL),
(9, 2014, 0, 0, '644', '465', 19, 1);

/*!40101 SET CHARACTER_SET_CLIENT=@OLD_CHARACTER_SET_CLIENT */;
/*!40101 SET CHARACTER_SET_RESULTS=@OLD_CHARACTER_SET_RESULTS */;
/*!40101 SET COLLATION_CONNECTION=@OLD_COLLATION_CONNECTION */;
